id,{address},{opcode},{phaseid},{graphid},{phase},GraphBuilder,Inlining,TypedLowering,LoopPeeling,LoadElimination,SimplifiedLowering,GenericLowering,EarlyOptimization,EffectControlLinearization,LateOptimization,MemoryOptimization,ComputeSchedule,Typer,EarlyGraphTrimming,EscapeAnalysis,StoreStoreElimination
0,0x555de758d028,0x0000,0,0,GraphBuilder,1,0,0,0,0,0,0,0,0,0,1,0,0,0,0,0
1,0x555de758d0b8,0x0031,0,0,GraphBuilder,1,0,0,0,0,0,0,0,0,0,0,0,0,0,0,0
2,0x555de758d168,0x001d,0,0,GraphBuilder,1,0,0,0,0,0,0,0,0,0,0,0,0,0,0,0
3,0x555de758d210,0x0031,0,0,GraphBuilder,1,0,0,0,0,0,0,0,0,0,0,0,0,0,0,1
4,0x555de758d2e8,0x001d,0,0,GraphBuilder,1,0,0,0,0,0,0,0,0,0,0,1,0,0,0,0
5,0x555de758d368,0x003c,0,0,GraphBuilder,1,0,0,0,0,0,0,0,0,0,0,0,0,0,0,0
6,0x555de758d3f0,0x031e,0,0,GraphBuilder,1,0,0,0,0,1,1,0,0,0,0,0,0,0,1,0
7,0x555de758d448,0x0029,0,0,GraphBuilder,1,0,0,0,0,0,0,0,0,0,0,1,0,0,0,0
9,0x555de758d628,0x001d,0,0,GraphBuilder,1,0,0,0,0,1,0,0,0,0,0,0,0,0,0,0
10,0x555de758d700,0x0031,0,0,GraphBuilder,1,1,0,0,0,0,0,0,0,0,0,0,0,0,0,0
11,0x555de758d7b8,0x0028,0,0,GraphBuilder,1,0,0,0,0,1,1,0,0,0,0,0,0,0,0,0
12,0x555de758d880,0x001b,0,0,GraphBuilder,1,0,0,0,0,1,0,0,0,0,0,0,0,0,0,0
13,0x555de758d8f0,0x0025,0,0,GraphBuilder,1,0,0,0,0,0,0,0,1,0,0,0,0,0,1,0
14,0x555de758da08,0x0028,0,0,GraphBuilder,1,0,0,0,0,1,0,0,0,0,0,0,0,0,0,0
15,0x555de758db28,0x02f3,0,0,GraphBuilder,1,1,0,0,0,0,0,0,0,0,0,0,0,0,0,0
16,0x555de758dc50,0x0028,0,0,GraphBuilder,1,0,0,0,0,0,0,0,0,0,0,0,0,0,0,0
17,0x555de758de00,0x0001,0,0,GraphBuilder,1,0,0,0,0,0,0,0,0,0,1,0,0,0,0,0
18,0x555de758deb8,0x0023,0,0,GraphBuilder,1,0,0,0,0,0,0,0,0,0,1,0,0,0,0,0
19,0x555de758df78,0x0022,0,0,GraphBuilder,1,1,0,0,0,0,0,0,0,0,0,0,0,0,0,0
20,0x555de758dff0,0x0012,0,0,GraphBuilder,1,0,0,0,0,0,0,0,1,0,0,0,0,0,0,0
22,0x555de758e180,0x0028,0,0,GraphBuilder,1,0,0,0,0,1,0,0,0,0,0,0,0,0,0,1
23,0x555de758e288,0x02ef,0,0,GraphBuilder,1,1,0,0,0,0,0,0,0,0,0,0,0,0,0,0
26,0x555de758e4e0,0x0025,0,0,GraphBuilder,1,1,0,0,0,0,0,0,0,0,0,0,0,0,0,0
27,0x555de758e568,0x0029,0,0,GraphBuilder,1,0,0,0,0,0,0,0,0,0,0,0,0,0,0,0
29,0x555de758e728,0x0072,0,0,GraphBuilder,1,0,1,0,0,0,0,0,0,0,0,0,0,0,0,0
30,0x555de758e798,0x0002,0,0,GraphBuilder,1,0,0,0,0,0,0,0,1,0,0,0,0,0,0,0
31,0x555de758e7e0,0x0005,0,0,GraphBuilder,1,0,0,0,0,0,0,0,0,0,0,0,0,0,0,0
33,0x555de758ead8,0x0033,0,0,GraphBuilder,1,0,0,1,0,0,0,0,0,0,0,0,0,0,0,0
34,0x555de758eb38,0x0035,0,0,GraphBuilder,1,0,0,1,0,0,0,0,0,0,0,0,0,0,0,0
35,0x555de758ebc8,0x000a,0,0,GraphBuilder,1,1,0,0,0,0,0,0,0,0,0,0,0,0,0,0
36,0x555de758ec20,0x0004,0,0,GraphBuilder,1,0,0,0,0,0,0,0,0,0,1,0,0,0,0,0
38,0x555de758ed60,0x001b,0,0,GraphBuilder,1,0,0,0,0,0,0,0,0,0,0,0,0,0,0,1
39,0x555de758ede8,0x0001,0,0,GraphBuilder,1,0,0,0,0,0,0,0,0,0,0,0,0,0,0,1
42,0x555de758f020,0x0022,0,0,GraphBuilder,1,0,1,0,0,1,0,0,0,0,0,0,1,0,0,1
46,0x555de758f238,0x0029,0,0,GraphBuilder,1,0,0,1,0,0,0,0,0,0,0,0,0,0,0,0
48,0x555de758f3f8,0x0072,0,0,GraphBuilder,1,0,0,0,0,1,0,0,0,0,0,0,0,0,0,0
49,0x555de758f468,0x0002,0,0,GraphBuilder,1,0,0,1,0,0,0,0,1,0,0,0,0,0,0,0
50,0x555de758f4b0,0x0005,0,0,GraphBuilder,1,0,0,0,0,0,0,0,0,0,1,0,0,0,0,0
51,0x555de758f508,0x0033,0,0,GraphBuilder,1,0,0,0,0,0,0,1,0,0,0,0,0,0,0,0
52,0x555de758f568,0x0035,0,0,GraphBuilder,1,0,0,0,0,0,0,1,0,0,0,0,0,0,0,0
60,0x555de758fbc0,0x02ee,0,0,GraphBuilder,1,1,0,0,0,0,0,0,0,0,0,0,0,0,0,0
66,0x555de7590578,0x0300,0,0,GraphBuilder,1,1,0,0,0,0,0,0,0,0,0,0,0,0,0,0
97,0x555de7619520,0x0300,0,0,GraphBuilder,1,1,1,0,0,1,0,0,0,0,0,0,1,0,0,1
98,0x555de7619658,0x0028,0,0,GraphBuilder,1,0,1,0,0,1,0,0,0,0,0,0,0,0,0,0
102,0x555de7619958,0x008d,0,0,GraphBuilder,1,0,1,0,0,0,0,0,0,0,0,0,0,0,0,0
112,0x555de761a508,0x0098,0,0,GraphBuilder,1,0,0,0,0,1,0,0,0,0,0,0,0,0,0,1
116,0x555de761a8f0,0x0028,0,0,GraphBuilder,1,0,0,0,1,0,0,0,0,0,0,0,0,0,0,0
119,0x555de761aba8,0x0010,0,0,GraphBuilder,1,0,0,0,0,1,0,0,1,0,0,0,0,0,0,0
120,0x555de761ac30,0x0014,0,0,GraphBuilder,1,0,0,0,0,0,0,0,0,0,0,0,0,0,0,0
0,0x555657da7028,0x0000,0,1,GraphBuilder,1,0,0,0,0,0,0,0,0,0,0,0,0,0,0,1
9,0x555657da7628,0x001d,0,1,GraphBuilder,1,0,0,0,0,0,0,0,1,0,0,0,0,0,0,0
50,0x555657da9468,0x0033,0,1,GraphBuilder,1,0,0,0,1,0,0,0,0,0,0,0,0,0,0,0
51,0x555657da94c8,0x0035,0,1,GraphBuilder,1,0,0,0,1,0,0,0,0,0,0,0,0,0,0,0
102,0x555657e339f8,0x0098,0,1,GraphBuilder,1,0,0,0,0,1,0,0,0,0,0,0,0,0,0,0
106,0x555657e34008,0x0025,0,1,GraphBuilder,1,0,0,0,1,0,0,0,0,0,0,0,0,0,0,0
121,0x555de761ac80,0x003c,1,0,Inlining,0,1,0,0,0,0,0,0,0,0,0,0,0,0,0,0
123,0x555de761ad60,0x001d,1,0,Inlining,0,1,0,0,0,0,0,0,0,0,0,1,0,0,0,0
124,0x555de761add0,0x00dc,1,0,Inlining,0,1,1,0,0,0,0,0,0,0,0,0,0,0,0,0
125,0x555de761aef0,0x001d,1,0,Inlining,0,1,0,0,0,0,0,0,0,0,0,0,0,0,0,0
126,0x555de761af78,0x00f1,1,0,Inlining,0,1,0,0,0,1,0,0,1,0,0,0,0,0,0,0
127,0x555de761b070,0x00ea,1,0,Inlining,0,1,0,0,0,1,0,0,1,0,1,0,0,0,0,0
128,0x555de761b120,0x001d,1,0,Inlining,0,1,0,0,0,0,0,0,0,0,0,0,0,1,0,0
130,0x555de761baf0,0x00ea,1,0,Inlining,0,1,0,0,0,1,0,0,1,0,0,0,0,0,0,1
132,0x555de761bbf8,0x0074,1,0,Inlining,0,1,0,0,0,1,0,0,0,0,0,0,0,0,0,1
133,0x555de761bc70,0x00d4,1,0,Inlining,0,1,0,0,0,0,0,0,1,0,0,0,0,0,0,0
134,0x555de761bd20,0x001b,1,0,Inlining,0,1,0,0,0,0,0,0,0,0,0,0,0,0,0,0
135,0x555de761bde0,0x00bf,1,0,Inlining,0,1,1,0,0,0,0,0,0,0,0,0,0,0,0,0
137,0x555de761bf18,0x0088,1,0,Inlining,0,1,0,0,0,1,0,0,0,1,0,0,0,0,0,0
147,0x555de761c5f8,0x0075,1,0,Inlining,0,1,0,0,0,0,0,0,1,0,0,0,0,0,0,0
148,0x555de761c6a0,0x001d,1,0,Inlining,0,1,1,0,0,0,0,0,0,0,0,0,0,0,0,0
152,0x555de761c8e0,0x00dc,1,0,Inlining,0,1,0,0,0,1,0,0,0,0,0,0,0,0,0,0
153,0x555de761c9e8,0x00f1,1,0,Inlining,0,1,0,0,0,1,0,0,1,0,0,0,0,0,0,1
137,0x555657e35fb8,0x0088,1,1,Inlining,0,1,0,0,0,0,0,0,0,0,0,0,0,1,0,0
147,0x555657e36698,0x0075,1,1,Inlining,0,1,1,0,0,0,0,0,0,0,0,0,0,0,0,0
154,0x555de763c888,0x003c,6,0,TypedLowering,0,0,1,0,0,0,0,0,0,0,0,0,0,0,0,0
156,0x555de763d020,0x006f,6,0,TypedLowering,0,0,1,0,0,1,0,0,0,0,0,0,0,0,0,0
157,0x555de763d430,0x00ea,6,0,TypedLowering,0,0,1,0,0,1,0,0,1,0,0,0,0,0,0,0
158,0x555de763d808,0x001d,6,0,TypedLowering,0,0,1,0,0,0,0,0,0,0,0,0,0,0,0,0
159,0x555de763dbe8,0x001b,6,0,TypedLowering,0,0,1,0,0,1,0,0,0,0,0,0,0,0,0,0
161,0x555de763e5c0,0x001a,6,0,TypedLowering,0,0,1,0,0,0,0,0,0,0,0,0,0,0,0,0
162,0x555de763ea38,0x007b,6,0,TypedLowering,0,0,1,0,0,1,0,0,0,0,0,0,0,0,0,0
163,0x555de763f400,0x003c,7,0,LoopPeeling,0,0,0,1,0,0,0,0,0,0,0,0,0,0,0,0
164,0x555de763f780,0x007b,7,0,LoopPeeling,0,0,0,1,1,0,0,0,0,0,0,0,0,0,0,0
165,0x555de763fbd0,0x00ea,7,0,LoopPeeling,0,0,0,1,0,1,0,0,1,0,0,0,0,0,0,0
166,0x555de763ff78,0x00d4,7,0,LoopPeeling,0,0,0,1,0,0,0,0,1,0,0,0,0,0,0,0
167,0x555de763ffe0,0x0074,7,0,LoopPeeling,0,0,0,1,0,1,0,0,0,0,0,0,0,0,0,1
168,0x555de7640350,0x0108,7,0,LoopPeeling,0,0,0,1,0,0,0,0,1,0,0,0,0,0,0,0
171,0x555de7640af0,0x00ea,7,0,LoopPeeling,0,0,0,1,0,1,0,0,1,0,0,0,0,0,0,1
172,0x555de7640e98,0x00ea,7,0,LoopPeeling,0,0,0,1,0,1,0,0,1,0,1,0,0,0,0,0
175,0x555de7646c40,0x0088,7,0,LoopPeeling,0,0,0,1,0,1,0,1,0,0,0,0,0,0,0,0
180,0x555de7647bc8,0x0028,7,0,LoopPeeling,0,0,0,1,0,1,1,0,0,0,0,0,0,0,0,0
181,0x555de7647f58,0x0029,7,0,LoopPeeling,0,0,0,1,0,0,0,0,0,0,0,0,0,0,0,0
182,0x555de7648308,0x031e,7,0,LoopPeeling,0,0,0,1,0,1,1,0,0,0,0,0,0,0,1,0
183,0x555de76483d8,0x0028,7,0,LoopPeeling,0,0,0,1,0,1,0,0,0,0,0,0,0,0,0,0
184,0x555de7648798,0x0025,7,0,LoopPeeling,0,0,0,1,0,0,0,0,1,0,0,0,0,0,1,0
186,0x555de7648d10,0x0030,7,0,LoopPeeling,0,0,0,1,0,1,0,0,1,0,0,0,0,0,1,1
187,0x555de76490d8,0x0004,7,0,LoopPeeling,0,0,0,1,0,0,0,1,0,0,0,0,0,0,0,0
188,0x555de7649118,0x0005,7,0,LoopPeeling,0,0,0,1,0,0,0,1,0,0,0,0,0,0,0,0
189,0x555de7649170,0x0002,7,0,LoopPeeling,0,0,0,1,0,0,0,0,0,0,0,0,0,0,0,0
190,0x555de7649200,0x0072,7,0,LoopPeeling,0,0,0,1,0,1,0,1,0,0,0,0,0,0,0,0
191,0x555de76495f8,0x0028,7,0,LoopPeeling,0,0,0,1,0,0,0,0,0,0,0,0,0,0,0,0
192,0x555de7649988,0x0029,7,0,LoopPeeling,0,0,0,1,0,0,0,0,1,0,0,0,0,0,0,0
193,0x555de7649d20,0x0025,7,0,LoopPeeling,0,0,0,1,1,0,0,0,0,0,0,0,0,0,0,0
165,0x555657e56740,0x006f,7,1,LoopPeeling,0,0,0,1,1,0,0,0,0,0,0,0,0,0,0,0
167,0x555657e56e88,0x0039,7,1,LoopPeeling,0,0,0,1,0,0,0,0,1,0,0,0,0,0,0,0
183,0x555657e59cc0,0x0098,7,1,LoopPeeling,0,0,0,1,0,1,0,1,0,0,0,0,0,0,0,0
188,0x555657e5add0,0x0004,7,1,LoopPeeling,0,0,0,1,1,0,0,0,0,0,0,0,0,0,0,0
189,0x555657e5ae10,0x0005,7,1,LoopPeeling,0,0,0,1,1,0,0,0,0,0,0,0,0,0,0,0
194,0x555de7649e60,0x003c,8,0,LoadElimination,0,0,0,0,1,0,0,0,0,0,0,0,0,0,0,0
196,0x555de764ba38,0x0015,10,0,SimplifiedLowering,0,0,0,0,0,1,0,0,0,0,0,0,0,0,0,0
197,0x555de764bad8,0x0016,10,0,SimplifiedLowering,0,0,0,0,0,1,0,0,0,0,1,0,0,0,0,0
198,0x555de764bb80,0x002a,10,0,SimplifiedLowering,0,0,0,0,0,1,0,0,0,0,0,1,0,0,0,0
199,0x555de764bbc0,0x004d,10,0,SimplifiedLowering,0,0,0,0,0,1,0,0,1,0,0,0,0,0,0,0
202,0x555de764bcd8,0x003e,10,0,SimplifiedLowering,0,0,0,0,0,1,0,0,1,0,0,0,0,0,0,0
204,0x555de764be20,0x002a,10,0,SimplifiedLowering,0,0,0,0,0,1,0,0,0,0,0,0,0,0,0,0
206,0x555de764c0b8,0x0016,10,0,SimplifiedLowering,0,0,0,0,0,1,0,0,0,0,0,0,0,0,0,0
209,0x555de764c2e8,0x005b,10,0,SimplifiedLowering,0,0,0,0,0,1,0,0,1,0,0,0,0,0,0,0
211,0x555de764c438,0x0019,10,0,SimplifiedLowering,0,0,0,0,0,1,0,0,0,0,0,0,0,0,0,0
212,0x555de764c4d8,0x0019,10,0,SimplifiedLowering,0,0,0,0,0,1,0,0,0,0,0,0,0,0,0,1
213,0x555de764c530,0x015a,10,0,SimplifiedLowering,0,0,0,0,0,1,0,1,0,0,0,0,0,0,0,0
215,0x555de764c7c0,0x015a,10,0,SimplifiedLowering,0,0,0,0,0,1,0,0,0,0,0,0,0,0,0,0
221,0x555de764cca8,0x0016,10,0,SimplifiedLowering,0,0,0,0,0,1,0,0,1,0,0,0,0,0,0,0
223,0x555de764cdf8,0x001a,11,0,GenericLowering,0,0,0,0,0,0,1,0,0,0,0,0,0,0,0,0
224,0x555de764ce80,0x01ab,11,0,GenericLowering,0,0,0,0,0,0,1,0,1,0,0,0,0,0,0,0
225,0x555de764cef0,0x01f8,11,0,GenericLowering,0,0,0,0,0,0,1,0,1,0,0,0,0,0,0,0
226,0x555de764cf50,0x0002,11,0,GenericLowering,0,0,0,0,0,0,1,0,1,0,0,0,0,0,0,0
227,0x555de764cf98,0x0004,11,0,GenericLowering,0,0,0,0,0,0,1,0,0,0,0,0,0,0,0,0
228,0x555de764cfd8,0x0005,11,0,GenericLowering,0,0,0,0,0,0,1,0,0,0,0,0,0,0,0,0
229,0x555de764d030,0x000a,11,0,GenericLowering,0,0,0,0,0,0,1,0,0,0,1,0,0,0,0,0
230,0x555de764d0a8,0x0023,11,0,GenericLowering,0,0,0,0,0,0,1,0,0,0,1,0,0,0,0,0
231,0x555de764d0f8,0x01e4,11,0,GenericLowering,0,0,0,0,0,0,1,0,0,0,0,0,0,0,0,0
233,0x555de764d438,0x001d,11,0,GenericLowering,0,0,0,0,0,0,1,0,0,0,0,1,0,0,0,0
239,0x555de764d6b0,0x000a,11,0,GenericLowering,0,0,0,0,0,0,1,0,0,0,0,0,0,0,0,0
240,0x555de764d728,0x0023,11,0,GenericLowering,0,0,0,0,0,0,1,0,0,0,0,0,0,0,0,0
241,0x555de764d860,0x001a,11,0,GenericLowering,0,0,0,0,0,0,1,0,0,0,0,1,0,0,0,0
256,0x555de764e440,0x003c,12,0,EarlyOptimization,0,0,0,0,0,0,0,1,0,0,0,0,0,0,0,0
258,0x555de764f950,0x01d1,13,0,EffectControlLinearization,0,0,0,0,0,0,0,0,1,0,0,0,0,0,0,0
259,0x555de764f9a8,0x012e,13,0,EffectControlLinearization,0,0,0,0,0,0,0,0,1,0,0,0,0,0,0,0
260,0x555de764fa90,0x000d,13,0,EffectControlLinearization,0,0,0,0,0,0,0,0,1,0,1,0,0,0,0,0
261,0x555de764fb88,0x000d,13,0,EffectControlLinearization,0,0,0,0,0,0,0,0,1,0,0,0,0,0,0,1
263,0x555de764fcd8,0x01da,13,0,EffectControlLinearization,0,0,0,0,0,0,0,0,1,0,0,0,0,0,0,0
264,0x555de764fd78,0x0016,13,0,EffectControlLinearization,0,0,0,0,0,0,0,0,1,0,0,0,0,0,0,0
265,0x555de764fdd0,0x014d,13,0,EffectControlLinearization,0,0,0,0,0,0,0,0,1,0,0,0,0,0,0,1
266,0x555de764fe30,0x0002,13,0,EffectControlLinearization,0,0,0,0,0,0,0,0,1,0,0,0,0,0,0,0
267,0x555de764fe78,0x0004,13,0,EffectControlLinearization,0,0,0,0,0,0,0,0,1,0,0,0,0,0,0,0
268,0x555de764feb8,0x0005,13,0,EffectControlLinearization,0,0,0,0,0,0,0,0,1,0,0,0,0,0,0,0
269,0x555de764fef8,0x000a,13,0,EffectControlLinearization,0,0,0,0,0,0,0,0,1,0,0,0,0,0,0,0
271,0x555de764ffc8,0x0023,13,0,EffectControlLinearization,0,0,0,0,0,0,0,0,1,0,0,0,0,0,0,0
272,0x555de7650048,0x0022,13,0,EffectControlLinearization,0,0,0,0,0,0,0,0,1,0,0,0,0,0,0,0
287,0x555de7650770,0x0131,13,0,EffectControlLinearization,0,0,0,0,0,0,0,0,1,0,0,0,0,0,0,0
288,0x555de76507d8,0x0036,13,0,EffectControlLinearization,0,0,0,0,0,0,0,0,1,0,0,0,0,0,0,0
289,0x555de76508c0,0x000c,13,0,EffectControlLinearization,0,0,0,0,0,0,0,0,1,0,1,0,0,0,0,0
291,0x555de7650978,0x01cb,13,0,EffectControlLinearization,0,0,0,0,0,0,0,0,1,0,1,0,0,0,0,0
292,0x555de76509b8,0x003c,13,0,EffectControlLinearization,0,0,0,0,0,0,0,0,1,0,0,0,0,0,0,0
294,0x555de7650a38,0x003c,16,0,LateOptimization,0,0,0,0,0,0,0,0,0,1,0,0,0,0,0,0
296,0x555de7650ad0,0x0002,16,0,LateOptimization,0,0,0,0,0,0,0,0,0,1,0,0,0,0,0,0
297,0x555de7650b18,0x0004,16,0,LateOptimization,0,0,0,0,0,0,0,0,0,1,0,0,0,0,0,0
298,0x555de7650b58,0x0005,16,0,LateOptimization,0,0,0,0,0,0,0,0,0,1,0,0,0,0,0,0
299,0x555de7650bb0,0x000a,16,0,LateOptimization,0,0,0,0,0,0,0,0,0,1,1,0,0,0,0,0
300,0x555de7650c28,0x0023,16,0,LateOptimization,0,0,0,0,0,0,0,0,0,1,0,0,0,0,0,0
301,0x555de7650ca8,0x0022,16,0,LateOptimization,0,0,0,0,0,0,0,0,0,1,0,0,0,0,0,0
302,0x555de7650d58,0x0016,17,0,MemoryOptimization,0,0,0,0,0,0,0,0,0,0,1,0,0,0,0,0
308,0x555de76549b8,0x0029,21,0,ComputeSchedule,0,0,0,0,0,0,0,0,0,0,0,1,0,0,0,0
310,0x555de7654a38,0x001d,21,0,ComputeSchedule,0,0,0,0,0,0,0,0,0,0,0,1,0,0,0,0
315,0x555de7654b78,0x001a,21,0,ComputeSchedule,0,0,0,0,0,0,0,0,0,0,0,1,0,0,0,0
320,0x555de7654cb8,0x002a,21,0,ComputeSchedule,0,0,0,0,0,0,0,0,0,0,0,1,0,0,0,0
154,0x555657e394d8,0x0039,5,1,Typer,0,0,0,0,0,0,0,0,1,0,0,0,1,0,0,0
41,0x555657da8f80,0x0022,0,1,Typer,1,0,1,0,0,0,0,0,0,0,0,0,1,0,0,1
