id,{address},{opcode},{phaseid},{graphid},{phase},GraphBuilder,Inlining,TypedLowering,LoopPeeling,LoadElimination,SimplifiedLowering,GenericLowering,EarlyOptimization,EffectControlLinearization,LateOptimization,MemoryOptimization,ComputeSchedule,Typer
0,0x562ffc0295f8,0x0000,0,0,GraphBuilder,1,0,0,0,0,0,0,0,0,0,1,0,0
1,0x562ffc029688,0x0031,0,0,GraphBuilder,1,0,0,0,0,0,0,0,0,0,0,0,0
2,0x562ffc029738,0x001d,0,0,GraphBuilder,1,0,1,0,0,0,0,0,0,0,0,0,0
4,0x562ffc029858,0x0032,0,0,GraphBuilder,1,0,0,0,0,0,0,0,1,0,0,0,0
7,0x562ffc029a00,0x0032,0,0,GraphBuilder,1,0,0,0,0,0,0,0,0,0,0,0,0
11,0x562ffc029c70,0x0001,0,0,GraphBuilder,1,0,0,0,0,0,0,0,0,0,1,0,0
12,0x562ffc029d28,0x0023,0,0,GraphBuilder,1,0,0,0,0,0,0,0,0,0,1,0,0
13,0x562ffc029de8,0x0022,0,0,GraphBuilder,1,1,0,0,0,0,0,0,0,0,0,0,0
15,0x562ffc029f20,0x0012,0,0,GraphBuilder,1,0,0,0,0,0,0,0,1,0,0,0,0
16,0x562ffc029f68,0x003c,0,0,GraphBuilder,1,0,0,0,0,0,0,0,0,0,0,0,0
17,0x562ffc02a0d8,0x0025,0,0,GraphBuilder,1,0,0,0,0,0,0,0,1,0,0,0,0
18,0x562ffc02a128,0x0029,0,0,GraphBuilder,1,0,0,0,0,0,0,0,0,0,0,0,0
19,0x562ffc02a1e0,0x0029,0,0,GraphBuilder,1,0,0,1,0,0,0,0,0,0,0,0,0
20,0x562ffc02a288,0x001d,0,0,GraphBuilder,1,0,0,0,0,1,0,0,0,0,0,0,0
22,0x562ffc02a418,0x0028,0,0,GraphBuilder,1,0,0,0,0,0,0,0,0,0,0,0,0
23,0x562ffc02a538,0x001d,0,0,GraphBuilder,1,0,0,0,0,0,1,0,0,0,0,0,0
24,0x562ffc02a5c0,0x02ef,0,0,GraphBuilder,1,1,0,0,0,0,0,0,0,0,0,0,0
26,0x562ffc02a7a8,0x001b,0,0,GraphBuilder,1,0,0,0,0,1,0,0,0,0,0,0,0
27,0x562ffc02a818,0x0025,0,0,GraphBuilder,1,1,0,0,0,0,0,0,0,0,0,0,0
30,0x562ffc02aa80,0x0072,0,0,GraphBuilder,1,0,1,0,0,0,0,0,0,0,0,0,0
31,0x562ffc02aaf0,0x0002,0,0,GraphBuilder,1,0,0,1,0,0,0,0,1,0,0,0,0
32,0x562ffc02ab38,0x0005,0,0,GraphBuilder,1,0,0,0,0,0,0,0,0,0,0,0,0
33,0x562ffc02add8,0x001d,0,0,GraphBuilder,1,0,0,0,0,0,0,0,0,0,0,0,0
34,0x562ffc02ae30,0x0033,0,0,GraphBuilder,1,0,0,0,1,0,0,0,0,0,0,0,0
35,0x562ffc02ae90,0x0035,0,0,GraphBuilder,1,0,0,0,0,0,0,0,0,0,0,0,0
36,0x562ffc02aef0,0x0034,0,0,GraphBuilder,1,0,0,0,0,0,0,0,0,0,0,0,0
37,0x562ffc02af80,0x000a,0,0,GraphBuilder,1,1,0,0,0,0,0,0,0,0,0,0,0
38,0x562ffc02afd8,0x0004,0,0,GraphBuilder,1,0,0,0,0,0,0,0,0,0,1,0,0
43,0x562ffc02b3c0,0x001b,0,0,GraphBuilder,1,0,0,0,0,0,0,0,0,0,0,0,0
48,0x562ffc02b808,0x0300,0,0,GraphBuilder,1,0,1,0,0,1,0,0,1,0,0,0,0
49,0x562ffc02b948,0x0028,0,0,GraphBuilder,1,0,1,0,0,0,0,0,0,0,0,0,0
50,0x562ffc02b9e0,0x0025,0,0,GraphBuilder,1,0,0,1,0,0,0,0,0,0,0,0,0
52,0x562ffc02bc18,0x02f3,0,0,GraphBuilder,1,1,0,0,0,0,0,0,0,0,0,0,0
66,0x562ffc02cd08,0x0300,0,0,GraphBuilder,1,1,0,0,0,1,0,0,1,0,1,0,0
67,0x562ffc0b78a8,0x0028,0,0,GraphBuilder,1,1,0,0,0,0,0,0,0,0,0,0,0
76,0x562ffc0b8180,0x0098,0,0,GraphBuilder,1,0,0,0,0,1,0,0,0,0,0,0,0
80,0x562ffc0b8568,0x0028,0,0,GraphBuilder,1,0,0,0,1,0,0,0,0,0,0,0,0
81,0x562ffc0b8650,0x031e,0,0,GraphBuilder,1,0,0,0,0,1,1,0,0,0,0,0,0
84,0x562ffc0b88c0,0x0010,0,0,GraphBuilder,1,0,0,0,1,0,0,0,0,0,0,0,0
85,0x562ffc0b8930,0x0014,0,0,GraphBuilder,1,0,0,0,1,0,0,0,0,0,0,0,0
0,0x55fecc7995f8,0x0000,0,17,GraphBuilder,1,0,0,0,0,0,1,0,0,0,0,0,0
12,0x55fecc799d90,0x0031,0,17,GraphBuilder,1,1,0,0,0,0,0,0,0,0,0,0,0
13,0x55fecc799e48,0x0028,0,17,GraphBuilder,1,0,0,0,0,1,1,0,0,0,0,0,0
14,0x55fecc799ee0,0x0025,0,17,GraphBuilder,1,0,0,0,0,1,0,0,0,0,0,0,0
15,0x55fecc799ff8,0x0028,0,17,GraphBuilder,1,0,0,0,0,1,0,0,0,0,0,0,0
17,0x55fecc79a248,0x0093,0,17,GraphBuilder,1,0,0,0,0,1,0,1,0,0,0,0,0
19,0x55fecc79a388,0x008e,0,17,GraphBuilder,1,0,1,0,0,0,0,0,0,0,0,0,0
23,0x55fecc79a608,0x0010,0,17,GraphBuilder,1,0,0,0,0,1,0,0,1,0,0,0,0
24,0x55fecc79a660,0x0014,0,17,GraphBuilder,1,0,0,0,0,0,0,0,1,0,0,0,0
234,0x562ffc03a960,0x02ef,38,0,GraphBuilder,1,1,0,0,0,0,0,0,1,0,0,0,0
231,0x55dfc229c7c8,0x008d,38,18,GraphBuilder,1,0,1,0,0,0,0,0,0,0,0,0,0
232,0x55dfc229c868,0x0072,38,18,GraphBuilder,1,0,0,0,0,1,0,0,0,0,0,0,0
230,0x5572ec5f5728,0x0094,38,11,GraphBuilder,1,0,0,0,0,1,0,0,0,0,0,0,0
228,0x562654e575e8,0x0091,38,9,GraphBuilder,1,0,0,0,0,1,0,1,0,0,0,0,0
234,0x562654e57960,0x0014,38,9,GraphBuilder,1,0,0,0,0,0,0,0,0,0,0,0,0
232,0x55e2dfed0868,0x0093,38,6,GraphBuilder,1,0,0,0,0,1,0,0,0,0,0,0,0
232,0x564843a76880,0x02b6,38,10,GraphBuilder,1,0,0,0,0,1,0,0,0,0,0,0,0
231,0x55994f41a7c8,0x0091,38,5,GraphBuilder,1,0,1,0,0,0,0,0,0,0,0,0,0
232,0x55994f41a868,0x0072,38,5,GraphBuilder,1,0,0,0,0,1,0,1,0,0,0,0,0
231,0x55c78e4387c8,0x0092,38,13,GraphBuilder,1,0,0,0,0,1,0,0,0,0,0,0,0
232,0x55c57b94c868,0x0073,38,12,GraphBuilder,1,0,1,0,0,0,0,0,0,0,0,0,0
231,0x558104b4d7c8,0x008f,38,15,GraphBuilder,1,0,1,0,0,0,0,0,0,0,0,0,0
332,0x562ffc03b178,0x001d,76,0,GraphBuilder,1,0,0,0,0,0,0,0,0,0,0,1,0
347,0x562ffc03bba8,0x0300,76,0,GraphBuilder,1,0,1,0,0,1,0,0,1,0,1,0,0
365,0x562ffc03d0a8,0x0300,76,0,GraphBuilder,1,1,0,0,0,1,0,0,0,0,1,0,0
86,0x562ffc0b8978,0x003c,1,0,Inlining,0,1,0,0,0,0,0,0,0,0,0,0,0
88,0x562ffc0b8ac8,0x001d,1,0,Inlining,0,1,0,0,0,0,0,0,0,0,0,0,0
89,0x562ffc0b8b38,0x00ea,1,0,Inlining,0,1,0,0,0,1,0,0,1,0,1,0,0
91,0x562ffc0b8c40,0x0074,1,0,Inlining,0,1,0,0,0,1,0,0,0,0,0,0,0
92,0x562ffc0b8cb8,0x00d4,1,0,Inlining,0,1,0,0,0,0,0,0,1,0,0,0,0
95,0x562ffc0b8e90,0x00e4,1,0,Inlining,0,1,1,0,0,0,0,0,0,0,0,0,0
96,0x562ffc0b8fd8,0x0029,1,0,Inlining,0,1,0,0,0,0,0,0,0,0,0,0,0
97,0x562ffc0b9098,0x0029,1,0,Inlining,0,1,0,0,0,1,0,0,0,0,0,0,0
98,0x562ffc0b9150,0x0028,1,0,Inlining,0,1,0,0,0,1,0,0,0,0,0,0,0
100,0x562ffc0b94e8,0x001a,1,0,Inlining,0,1,0,0,0,0,0,0,0,0,0,0,0
101,0x562ffc0b9608,0x00ea,1,0,Inlining,0,1,0,0,0,1,0,0,1,0,0,0,0
102,0x562ffc0b9688,0x00dc,1,0,Inlining,0,1,0,0,0,1,0,0,0,0,0,0,0
103,0x562ffc0b9790,0x00f1,1,0,Inlining,0,1,0,0,0,1,0,0,1,0,0,0,0
366,0x562ffc0b8c58,0x00dd,77,0,Inlining,0,1,0,0,0,1,0,0,0,0,0,0,0
367,0x562ffc0b8d30,0x00d5,77,0,Inlining,0,1,0,0,0,1,0,0,1,0,0,0,0
371,0x562ffc0b9070,0x00ea,77,0,Inlining,0,1,0,0,1,0,0,0,0,0,0,0,0
104,0x562ffc0bbfc0,0x003c,6,0,TypedLowering,0,0,1,0,0,0,0,0,0,0,0,0,0
106,0x562ffc0bc758,0x006f,6,0,TypedLowering,0,0,1,0,0,1,0,0,0,0,0,0,0
107,0x562ffc0bcb10,0x00e4,6,0,TypedLowering,0,0,1,0,0,0,0,0,0,0,0,0,0
108,0x562ffc0bcf30,0x00ea,6,0,TypedLowering,0,0,1,0,0,1,0,0,1,0,0,0,0
109,0x562ffc0bd578,0x001b,6,0,TypedLowering,0,0,1,0,0,1,0,0,0,0,0,0,0
32,0x55fecc79cd90,0x007c,6,17,TypedLowering,0,0,1,0,0,0,0,0,0,0,0,0,0
242,0x562ffc03d060,0x007c,44,0,TypedLowering,0,0,1,0,0,0,0,1,0,0,0,0,0
242,0x55dfc229f060,0x007c,44,18,TypedLowering,0,0,1,0,0,1,0,0,0,0,0,0,0
243,0x55dfc2331bb8,0x007b,44,18,TypedLowering,0,0,1,0,0,1,0,1,0,0,0,0,0
242,0x562654e5a148,0x007c,44,9,TypedLowering,0,0,1,0,0,1,0,1,0,0,0,0,0
243,0x562654eeccb8,0x006f,44,9,TypedLowering,0,0,1,0,0,1,0,1,0,0,0,0,0
243,0x55994f4afbb8,0x007f,44,5,TypedLowering,0,0,1,0,0,0,0,0,0,0,0,0,0
243,0x55c78e4cdbb8,0x006f,44,13,TypedLowering,0,0,1,0,0,0,0,0,0,0,0,0,0
243,0x55c57b9e1bb8,0x0070,44,12,TypedLowering,0,0,1,0,0,1,0,0,0,0,0,0,0
243,0x558104be2bb8,0x007d,44,15,TypedLowering,0,0,1,0,0,1,0,0,0,0,0,0,0
110,0x562ffc0bdd60,0x003c,7,0,LoopPeeling,0,0,0,1,0,0,0,0,0,0,0,0,0
111,0x562ffc0be0f8,0x00ea,7,0,LoopPeeling,0,0,0,1,0,1,0,0,1,0,0,0,0
112,0x562ffc0be488,0x006f,7,0,LoopPeeling,0,0,0,1,0,1,0,0,0,0,0,0,0
113,0x562ffc0be840,0x00f1,7,0,LoopPeeling,0,0,0,1,0,1,0,0,1,0,0,0,0
114,0x562ffc0be8c8,0x00dc,7,0,LoopPeeling,0,0,0,1,0,1,0,0,0,0,0,0,0
116,0x562ffc0bf078,0x00d4,7,0,LoopPeeling,0,0,0,1,0,0,0,0,1,0,0,0,0
117,0x562ffc0bf0e0,0x0074,7,0,LoopPeeling,0,0,0,1,0,1,0,0,0,0,0,0,0
118,0x562ffc0bf480,0x00ea,7,0,LoopPeeling,0,0,0,1,0,1,0,0,1,0,1,0,0
119,0x562ffc0dbac8,0x0028,7,0,LoopPeeling,0,0,0,1,0,0,0,0,0,0,0,0,0
120,0x562ffc0dbea0,0x031e,7,0,LoopPeeling,0,0,0,1,0,1,1,0,0,0,0,0,0
121,0x562ffc0dbf70,0x0028,7,0,LoopPeeling,0,0,0,1,1,0,0,0,0,0,0,0,0
122,0x562ffc0dc330,0x0025,7,0,LoopPeeling,0,0,0,1,0,0,0,0,1,0,0,0,0
123,0x562ffc0dc3c8,0x0098,7,0,LoopPeeling,0,0,0,1,0,1,0,0,0,0,0,0,0
125,0x562ffc0dcb68,0x0029,7,0,LoopPeeling,0,0,0,1,0,0,0,0,0,0,0,0,0
127,0x562ffc0dd040,0x0030,7,0,LoopPeeling,0,0,0,1,0,1,0,0,1,0,1,0,0
129,0x562ffc0de030,0x0025,7,0,LoopPeeling,0,0,0,1,0,0,0,0,0,0,0,0,0
130,0x562ffc0de158,0x0030,7,0,LoopPeeling,0,0,0,1,0,1,0,0,1,0,0,0,0
131,0x562ffc0de508,0x0004,7,0,LoopPeeling,0,0,0,1,0,0,0,0,0,0,1,0,0
132,0x562ffc0de548,0x0005,7,0,LoopPeeling,0,0,0,1,0,0,0,0,0,0,0,0,0
133,0x562ffc0de5a0,0x0002,7,0,LoopPeeling,0,0,0,1,0,0,0,0,1,0,0,0,0
394,0x562ffc0bf3d0,0x00ea,83,0,LoopPeeling,0,0,0,1,1,0,0,0,0,0,0,0,0
396,0x562ffc0dc8d0,0x00d5,83,0,LoopPeeling,0,0,0,1,0,1,0,0,1,0,0,0,0
397,0x562ffc0dc950,0x00dd,83,0,LoopPeeling,0,0,0,1,0,1,0,0,0,0,0,0,0
410,0x562ffc0df6d0,0x0025,83,0,LoopPeeling,0,0,0,1,0,1,0,0,0,0,0,0,0
137,0x562ffc0defb8,0x003c,8,0,LoadElimination,0,0,0,0,1,0,0,0,0,0,0,0,0
139,0x562ffc0df8d0,0x0010,8,0,LoadElimination,0,0,0,0,1,1,0,0,1,0,0,0,0
419,0x562ffc0e0f98,0x0039,84,0,LoadElimination,0,0,0,0,1,1,0,0,1,0,0,0,0
141,0x562ffc0dfd28,0x0015,10,0,SimplifiedLowering,0,0,0,0,0,1,0,0,0,0,0,1,0
142,0x562ffc0dfdc8,0x0016,10,0,SimplifiedLowering,0,0,0,0,0,1,0,0,0,0,0,0,0
144,0x562ffc0dff10,0x002a,10,0,SimplifiedLowering,0,0,0,0,0,1,0,0,0,0,0,0,0
147,0x562ffc0e00f8,0x0015,10,0,SimplifiedLowering,0,0,0,0,0,1,0,0,0,0,0,0,0
148,0x562ffc0e0138,0x003e,10,0,SimplifiedLowering,0,0,0,0,0,1,0,0,1,0,0,0,0
154,0x562ffc0e0768,0x005b,10,0,SimplifiedLowering,0,0,0,0,0,1,0,0,1,0,0,0,0
157,0x562ffc0e09c0,0x003c,10,0,SimplifiedLowering,0,0,0,0,1,1,0,0,0,0,0,0,0
37,0x55fecc840de8,0x004d,10,17,SimplifiedLowering,0,0,0,0,0,1,0,0,1,0,0,0,0
41,0x55fecc841030,0x0066,10,17,SimplifiedLowering,0,0,0,0,0,1,0,0,1,0,0,0,0
43,0x55fecc841158,0x0069,10,17,SimplifiedLowering,0,0,0,0,0,1,0,0,1,0,0,0,0
249,0x55dfc2332ef8,0x01cd,48,18,SimplifiedLowering,0,0,0,0,0,1,0,0,0,0,0,0,0
250,0x55dfc2332f98,0x0019,48,18,SimplifiedLowering,0,0,0,0,0,1,0,0,0,0,0,0,0
253,0x55dfc2333100,0x01cc,48,18,SimplifiedLowering,0,0,0,0,0,1,0,0,0,0,0,0,0
249,0x562654eee1b0,0x01bb,48,9,SimplifiedLowering,0,0,0,0,0,1,0,1,0,0,0,0,0
250,0x562654eee1f0,0x01ca,48,9,SimplifiedLowering,0,0,0,0,0,1,0,0,0,0,0,0,0
253,0x562654eee388,0x006a,48,9,SimplifiedLowering,0,0,0,0,0,1,0,0,1,0,0,0,0
247,0x558104be3ea8,0x004d,48,15,SimplifiedLowering,0,0,0,0,0,1,0,1,0,0,0,0,0
249,0x558104be3f88,0x01bb,48,15,SimplifiedLowering,0,0,0,0,0,1,0,0,0,0,0,0,0
251,0x558104be4068,0x0019,48,15,SimplifiedLowering,0,0,0,0,0,1,0,0,1,0,0,0,0
429,0x562ffc0e1ee0,0x004c,86,0,SimplifiedLowering,0,0,0,0,0,1,0,0,1,0,0,0,0
436,0x562ffc0e2340,0x006d,86,0,SimplifiedLowering,0,0,0,0,0,1,0,0,1,0,0,0,0
161,0x562ffc0e0b78,0x001a,11,0,GenericLowering,0,0,0,0,0,0,1,0,0,0,0,0,0
162,0x562ffc0e0c00,0x01ab,11,0,GenericLowering,0,0,0,0,0,0,1,0,1,0,0,0,0
163,0x562ffc0e0c70,0x01f8,11,0,GenericLowering,0,0,0,0,0,0,1,0,1,0,0,0,0
164,0x562ffc0e0cd0,0x0002,11,0,GenericLowering,0,0,0,0,0,0,1,0,1,0,0,0,0
165,0x562ffc0e0d18,0x0004,11,0,GenericLowering,0,0,0,0,0,0,1,0,0,0,0,0,0
166,0x562ffc0e0d58,0x0005,11,0,GenericLowering,0,0,0,0,0,0,1,0,0,0,0,0,0
167,0x562ffc0e0db0,0x000a,11,0,GenericLowering,0,0,0,0,0,0,1,0,0,0,0,0,0
168,0x562ffc0e0e28,0x0023,11,0,GenericLowering,0,0,0,0,0,0,1,0,0,0,0,0,0
169,0x562ffc0e0f60,0x001a,11,0,GenericLowering,0,0,0,0,0,0,1,0,0,0,0,1,0
170,0x562ffc0e1000,0x001d,11,0,GenericLowering,0,0,0,0,0,0,1,0,0,0,0,1,0
52,0x55fecc841640,0x0023,11,17,GenericLowering,0,0,0,0,0,0,1,0,0,0,1,0,0
53,0x55fecc841690,0x01e4,11,17,GenericLowering,0,0,0,0,0,0,1,0,0,0,0,0,0
55,0x55fecc8419d0,0x001d,11,17,GenericLowering,0,0,0,0,0,0,1,0,0,0,0,0,0
263,0x562ffc0d1890,0x0015,49,0,GenericLowering,0,0,0,0,0,0,1,0,0,0,0,0,0
178,0x562ffc0e16e8,0x003c,12,0,EarlyOptimization,0,0,0,0,0,0,0,1,0,0,0,0,0
270,0x562654eeee98,0x0019,50,9,EarlyOptimization,0,0,0,0,0,0,0,1,0,0,0,0,0
180,0x562ffc0e1768,0x01d1,13,0,EffectControlLinearization,0,0,0,0,0,0,0,0,1,0,0,0,0
181,0x562ffc0e17c0,0x012e,13,0,EffectControlLinearization,0,0,0,0,0,0,0,0,1,0,0,0,0
182,0x562ffc0e18a8,0x000d,13,0,EffectControlLinearization,0,0,0,0,0,0,0,0,1,0,0,0,0
185,0x562ffc0e19d0,0x0131,13,0,EffectControlLinearization,0,0,0,0,0,0,0,0,1,0,0,0,0
186,0x562ffc0e1a38,0x0036,13,0,EffectControlLinearization,0,0,0,0,0,0,0,0,1,0,0,0,0
187,0x562ffc0e1b20,0x000c,13,0,EffectControlLinearization,0,0,0,0,0,0,0,0,1,0,1,0,0
189,0x562ffc0e1bd8,0x01cb,13,0,EffectControlLinearization,0,0,0,0,0,0,0,0,1,0,1,0,0
192,0x562ffc0e1d58,0x004d,13,0,EffectControlLinearization,0,0,0,0,0,0,0,0,1,0,0,0,0
200,0x562ffc0e20c8,0x003c,13,0,EffectControlLinearization,0,0,0,0,0,0,0,0,1,0,0,0,0
58,0x55fecc841ae8,0x0129,13,17,EffectControlLinearization,0,0,0,0,0,0,0,0,1,0,0,0,0
59,0x55fecc841b48,0x014c,13,17,EffectControlLinearization,0,0,0,0,0,0,0,0,1,0,0,0,0
60,0x55fecc841ba8,0x0002,13,17,EffectControlLinearization,0,0,0,0,0,0,0,0,1,0,0,0,0
61,0x55fecc841bf0,0x0005,13,17,EffectControlLinearization,0,0,0,0,0,0,0,0,1,0,1,0,0
62,0x55fecc841c30,0x0004,13,17,EffectControlLinearization,0,0,0,0,0,0,0,0,1,0,0,0,0
65,0x55fecc842110,0x000a,13,17,EffectControlLinearization,0,0,0,0,0,0,0,0,1,0,0,0,0
66,0x55fecc8421f0,0x00ea,13,17,EffectControlLinearization,0,0,0,0,0,0,0,0,1,0,1,0,0
67,0x55fecc8422a0,0x001d,13,17,EffectControlLinearization,0,0,0,0,0,0,0,0,1,0,0,0,0
69,0x55fecc842388,0x000d,13,17,EffectControlLinearization,0,0,0,0,0,0,0,0,1,0,1,0,0
70,0x55fecc842480,0x00ea,13,17,EffectControlLinearization,0,0,0,0,0,0,0,0,1,0,0,0,0
71,0x55fecc8424d0,0x01bb,13,17,EffectControlLinearization,0,0,0,0,0,0,0,0,1,0,0,0,0
73,0x55fecc8425a0,0x0023,13,17,EffectControlLinearization,0,0,0,0,0,0,0,0,1,0,0,0,0
74,0x55fecc842620,0x0022,13,17,EffectControlLinearization,0,0,0,0,0,0,0,0,1,0,0,0,0
82,0x55fecc842910,0x0005,13,17,EffectControlLinearization,0,0,0,0,0,0,0,0,1,0,0,0,0
89,0x55fecc842c10,0x0010,13,17,EffectControlLinearization,0,0,0,0,0,0,0,0,1,0,0,0,0
283,0x562654eef890,0x0015,51,9,EffectControlLinearization,0,0,0,0,0,0,0,0,1,0,0,0,0
286,0x562654eef9e8,0x000a,51,9,EffectControlLinearization,0,0,0,0,0,0,0,0,1,0,1,0,0
287,0x562654eefa60,0x0023,51,9,EffectControlLinearization,0,0,0,0,0,0,0,0,1,0,1,0,0
292,0x562654eefc80,0x01ca,51,9,EffectControlLinearization,0,0,0,0,0,0,0,0,1,0,0,0,0
202,0x562ffc0e2148,0x003c,16,0,LateOptimization,1,0,0,0,0,0,0,0,0,1,0,0,0
204,0x562ffc0e2228,0x0016,17,0,MemoryOptimization,0,0,0,0,0,0,0,0,0,0,1,0,0
206,0x562ffc0e9128,0x001d,21,0,ComputeSchedule,0,0,0,0,0,0,0,0,0,0,0,1,0
207,0x562ffc0e9168,0x001a,21,0,ComputeSchedule,0,0,0,0,0,0,0,0,0,0,0,1,0
208,0x562ffc0e91a8,0x0015,21,0,ComputeSchedule,0,0,0,0,0,0,0,0,0,0,0,1,0
238,0x562ffc03ad10,0x001d,43,0,Typer,1,0,0,0,0,0,0,0,0,0,0,0,1
-5851,0xDummy,0x83811,-1,-1,DummyPhase,1,0,0,0,0,0,0,0,0,1,0,0,0
-39832,0xDummy,0x11010,-1,-1,DummyPhase,1,0,0,0,0,0,0,0,0,0,0,0,1
